NO.,Name,Result,Ts
1,es-edgesense-worker,PASS,11-26-2019 16:50:29.51 CST
1,es-edgesense-worker,PASS,11-26-2019 16:50:29.51 CST
1,es-edgesense-worker,PASS,11-26-2019 16:50:29.51 CST
1,es-edgesense-worker,PASS,11-26-2019 16:50:29.51 CST
1,es-edgesense-worker,PASS,11-26-2019 16:50:29.51 CST
1,es-edgesense-worker,PASS,11-26-2019 16:50:29.51 CST
1,es-edgesense-worker,PASS,11-26-2019 16:50:29.51 CST
1,es-edgesense-worker,PASS,11-26-2019 16:50:29.51 CST
1,es-edgesense-worker,PASS,11-26-2019 16:50:29.51 CST
1,es-edgesense-worker,PASS,11-26-2019 16:50:29.51 CST
1,es-edgesense-worker,PASS,11-26-2019 16:50:29.51 CST
1,es-edgesense-worker,PASS,11-26-2019 16:50:29.51 CST
1,es-edgesense-worker,PASS,11-26-2019 16:50:29.51 CST
